<?xml version="1.0" encoding="UTF-8"?>
<Configuration status="INFO">
	<Appenders>
		<Console name="console" target="SYSTEM_OUT">
			<PatternLayout pattern="%d{yyyy-MM-dd HH:mm:ss} %-5level %m%n" />
		</Console>
		<File name="file" fileName="logs/proxy.log" append="false">
			<PatternLayout pattern="%d{yyyy-MM-dd HH:mm:ss} %-5level %m%n" />
		</File>
	</Appenders>
	<Loggers>
		<Root level="trace">
			<AppenderRef ref="file"  />
			<AppenderRef ref="console" />
		</Root>
	</Loggers>
</Configuration>