<?xml version="1.0" encoding="UTF-8" standalone="yes"?>
<l33tTransformations>
    <transformations>
        <entry>
            <key>e</key>
            <value>3</value>
        </entry>
        <entry>
            <key>r</key>
            <value>8</value>
        </entry>
        <entry>
            <key>c</key>
            <value>&lt;</value>
        </entry>
        <entry>
            <key>a</key>
            <value>4</value>
        </entry>
        <entry>
            <key>o</key>
            <value>0</value>
        </entry>
        <entry>
            <key>i</key>
            <value>1</value>
        </entry>
    </transformations>
</l33tTransformations>
